-- phpMyAdmin SQL Dump
-- version 5.1.1
-- https://www.phpmyadmin.net/
--
-- Hôte : 127.0.0.1
-- Généré le : mar. 25 jan. 2022 à 17:25
-- Version du serveur : 10.4.20-MariaDB
-- Version de PHP : 8.0.9

SET SQL_MODE = "NO_AUTO_VALUE_ON_ZERO";
START TRANSACTION;
SET time_zone = "+00:00";


/*!40101 SET @OLD_CHARACTER_SET_CLIENT=@@CHARACTER_SET_CLIENT */;
/*!40101 SET @OLD_CHARACTER_SET_RESULTS=@@CHARACTER_SET_RESULTS */;
/*!40101 SET @OLD_COLLATION_CONNECTION=@@COLLATION_CONNECTION */;
/*!40101 SET NAMES utf8mb4 */;

--
-- Base de données : `zone-frais`
--

-- --------------------------------------------------------

--
-- Structure de la table `address`
--

CREATE TABLE `address` (
  `id` int(11) NOT NULL,
  `user_id` int(11) NOT NULL,
  `name` varchar(255) COLLATE utf8mb4_unicode_ci NOT NULL,
  `firstname` varchar(255) COLLATE utf8mb4_unicode_ci NOT NULL,
  `lastname` varchar(255) COLLATE utf8mb4_unicode_ci NOT NULL,
  `company` varchar(255) COLLATE utf8mb4_unicode_ci DEFAULT NULL,
  `address` varchar(255) COLLATE utf8mb4_unicode_ci NOT NULL,
  `postal` varchar(255) COLLATE utf8mb4_unicode_ci NOT NULL,
  `city` varchar(255) COLLATE utf8mb4_unicode_ci NOT NULL,
  `country` varchar(255) COLLATE utf8mb4_unicode_ci NOT NULL,
  `phone` varchar(255) COLLATE utf8mb4_unicode_ci NOT NULL
) ENGINE=InnoDB DEFAULT CHARSET=utf8mb4 COLLATE=utf8mb4_unicode_ci;

--
-- Déchargement des données de la table `address`
--

INSERT INTO `address` (`id`, `user_id`, `name`, `firstname`, `lastname`, `company`, `address`, `postal`, `city`, `country`, `phone`) VALUES
(2, 1, 'Maison', 'Yass', 'Qay', NULL, 'rue du test frais', '63000', 'clermont-ferrand', 'FR', '00 11 22 33 44');

-- --------------------------------------------------------

--
-- Structure de la table `carrier`
--

CREATE TABLE `carrier` (
  `id` int(11) NOT NULL,
  `name` varchar(255) COLLATE utf8mb4_unicode_ci NOT NULL,
  `description` longtext COLLATE utf8mb4_unicode_ci NOT NULL,
  `price` double NOT NULL
) ENGINE=InnoDB DEFAULT CHARSET=utf8mb4 COLLATE=utf8mb4_unicode_ci;

-- --------------------------------------------------------

--
-- Structure de la table `category`
--

CREATE TABLE `category` (
  `id` int(11) NOT NULL,
  `name` varchar(255) COLLATE utf8mb4_unicode_ci NOT NULL,
  `illustration` varchar(255) COLLATE utf8mb4_unicode_ci NOT NULL,
  `description` longtext COLLATE utf8mb4_unicode_ci NOT NULL
) ENGINE=InnoDB DEFAULT CHARSET=utf8mb4 COLLATE=utf8mb4_unicode_ci;

--
-- Déchargement des données de la table `category`
--

INSERT INTO `category` (`id`, `name`, `illustration`, `description`) VALUES
(1, 'Fruits', 'fruits.jpg', 'Fruits frais'),
(2, 'Légumes', 'legumes.jpg', 'Légumes frais'),
(3, 'Fromages', 'fromages.jpg', 'Fromages frais'),
(4, 'Saucissons', 'saucissons.jpg', 'Saucissons frais');

-- --------------------------------------------------------

--
-- Structure de la table `doctrine_migration_versions`
--

CREATE TABLE `doctrine_migration_versions` (
  `version` varchar(191) COLLATE utf8_unicode_ci NOT NULL,
  `executed_at` datetime DEFAULT NULL,
  `execution_time` int(11) DEFAULT NULL
) ENGINE=InnoDB DEFAULT CHARSET=utf8 COLLATE=utf8_unicode_ci;

--
-- Déchargement des données de la table `doctrine_migration_versions`
--

INSERT INTO `doctrine_migration_versions` (`version`, `executed_at`, `execution_time`) VALUES
('DoctrineMigrations\\Version20220125154927', '2022-01-25 16:49:32', 360);

-- --------------------------------------------------------

--
-- Structure de la table `header`
--

CREATE TABLE `header` (
  `id` int(11) NOT NULL,
  `title` varchar(255) COLLATE utf8mb4_unicode_ci NOT NULL,
  `content` longtext COLLATE utf8mb4_unicode_ci NOT NULL,
  `btn_title` varchar(255) COLLATE utf8mb4_unicode_ci NOT NULL,
  `btn_url` varchar(255) COLLATE utf8mb4_unicode_ci NOT NULL,
  `illustration` varchar(255) COLLATE utf8mb4_unicode_ci NOT NULL
) ENGINE=InnoDB DEFAULT CHARSET=utf8mb4 COLLATE=utf8mb4_unicode_ci;

--
-- Déchargement des données de la table `header`
--

INSERT INTO `header` (`id`, `title`, `content`, `btn_title`, `btn_url`, `illustration`) VALUES
(1, 'Fruits frais', 'Venez découvrir nos fruits frais', 'fruits', '/', 'fruits.jpg'),
(2, 'Légumes', 'Venez découvrir nos légumes frais', 'Légumes', '/', 'legumes.jpg'),
(3, 'Fromages', 'Venez découvrir nos fromages frais', 'Fromages', '/', 'fromages.jpg'),
(4, 'Saucissons', 'Venez découvrir nos saucissons frais', 'Saucissons', '/', 'saucissons.jpg');

-- --------------------------------------------------------

--
-- Structure de la table `illustration`
--

CREATE TABLE `illustration` (
  `id` int(11) NOT NULL,
  `product_id` int(11) NOT NULL,
  `image` varchar(255) COLLATE utf8mb4_unicode_ci NOT NULL
) ENGINE=InnoDB DEFAULT CHARSET=utf8mb4 COLLATE=utf8mb4_unicode_ci;

--
-- Déchargement des données de la table `illustration`
--

INSERT INTO `illustration` (`id`, `product_id`, `image`) VALUES
(13, 5, 'pomme01.jpg'),
(14, 5, 'pomme02.jpg'),
(15, 5, 'pomme03.jpg'),
(16, 5, 'pomme04.jpg'),
(17, 6, 'banane01.jpg'),
(18, 6, 'banane02.jpg'),
(19, 6, 'banane03.jpg'),
(20, 7, 'saint-nectaire01.jpg'),
(21, 7, 'saint-nectaire02.jpg'),
(22, 7, 'saint-nectaire03.jpg'),
(23, 8, 'saint-nectaire04.jpg'),
(24, 8, 'saint-nectaire03.jpg');

-- --------------------------------------------------------

--
-- Structure de la table `order`
--

CREATE TABLE `order` (
  `id` int(11) NOT NULL,
  `user_id` int(11) NOT NULL,
  `created_at` datetime NOT NULL,
  `carrier_name` varchar(255) COLLATE utf8mb4_unicode_ci NOT NULL,
  `carrier_price` double NOT NULL,
  `delivery` longtext COLLATE utf8mb4_unicode_ci NOT NULL,
  `reference` varchar(255) COLLATE utf8mb4_unicode_ci NOT NULL,
  `stripe_session_id` varchar(255) COLLATE utf8mb4_unicode_ci DEFAULT NULL,
  `state` int(11) NOT NULL
) ENGINE=InnoDB DEFAULT CHARSET=utf8mb4 COLLATE=utf8mb4_unicode_ci;

-- --------------------------------------------------------

--
-- Structure de la table `order_details`
--

CREATE TABLE `order_details` (
  `id` int(11) NOT NULL,
  `my_order_id` int(11) NOT NULL,
  `product` varchar(255) COLLATE utf8mb4_unicode_ci NOT NULL,
  `quantity` int(11) NOT NULL,
  `price` double NOT NULL,
  `total` double NOT NULL,
  `weight` varchar(64) COLLATE utf8mb4_unicode_ci NOT NULL
) ENGINE=InnoDB DEFAULT CHARSET=utf8mb4 COLLATE=utf8mb4_unicode_ci;

-- --------------------------------------------------------

--
-- Structure de la table `product`
--

CREATE TABLE `product` (
  `id` int(11) NOT NULL,
  `category_id` int(11) NOT NULL,
  `weight_id` int(11) DEFAULT NULL,
  `name` varchar(255) COLLATE utf8mb4_unicode_ci NOT NULL,
  `slug` varchar(255) COLLATE utf8mb4_unicode_ci NOT NULL,
  `description` longtext COLLATE utf8mb4_unicode_ci NOT NULL,
  `image` varchar(255) COLLATE utf8mb4_unicode_ci NOT NULL,
  `price` double NOT NULL,
  `is_best` tinyint(1) NOT NULL
) ENGINE=InnoDB DEFAULT CHARSET=utf8mb4 COLLATE=utf8mb4_unicode_ci;

--
-- Déchargement des données de la table `product`
--

INSERT INTO `product` (`id`, `category_id`, `weight_id`, `name`, `slug`, `description`, `image`, `price`, `is_best`) VALUES
(5, 1, 2, 'Pomme', 'pomme', 'Pomme Bio', 'pomme01.jpg', 80, 1),
(6, 1, 1, 'Banane', 'banane', 'Banane Bio', 'banane01.jpg', 50, 1),
(7, 3, 4, 'Saint Nectaire entier', 'saint-nectaire-entier', 'Fromage Saint Nectaire entier entre deux', 'saint-nectaire01.jpg', 1800, 1),
(8, 3, 2, 'Saint Nectaire 500g', 'saint-nectaire-500g', 'Demi saint nectaire vieux', 'saint-nectaire04.jpg', 1000, 1);

-- --------------------------------------------------------

--
-- Structure de la table `reset_password`
--

CREATE TABLE `reset_password` (
  `id` int(11) NOT NULL,
  `user_id` int(11) NOT NULL,
  `token` varchar(255) COLLATE utf8mb4_unicode_ci NOT NULL,
  `created_at` datetime NOT NULL
) ENGINE=InnoDB DEFAULT CHARSET=utf8mb4 COLLATE=utf8mb4_unicode_ci;

-- --------------------------------------------------------

--
-- Structure de la table `user`
--

CREATE TABLE `user` (
  `id` int(11) NOT NULL,
  `email` varchar(180) COLLATE utf8mb4_unicode_ci NOT NULL,
  `roles` longtext COLLATE utf8mb4_unicode_ci NOT NULL COMMENT '(DC2Type:json)',
  `password` varchar(255) COLLATE utf8mb4_unicode_ci NOT NULL,
  `lastname` varchar(64) COLLATE utf8mb4_unicode_ci NOT NULL,
  `firstname` varchar(64) COLLATE utf8mb4_unicode_ci NOT NULL
) ENGINE=InnoDB DEFAULT CHARSET=utf8mb4 COLLATE=utf8mb4_unicode_ci;

--
-- Déchargement des données de la table `user`
--

INSERT INTO `user` (`id`, `email`, `roles`, `password`, `lastname`, `firstname`) VALUES
(1, 'admin@admin.fr', '[\"ROLE_ADMIN\"]', '$2y$13$MfIDQkaVkZNE5e9EmChMRukcfKrsHgs7QwBiBDMLi1QF6e54hOLty', 'Qay', 'Yass');

-- --------------------------------------------------------

--
-- Structure de la table `weight`
--

CREATE TABLE `weight` (
  `id` int(11) NOT NULL,
  `kg` double NOT NULL,
  `price` double NOT NULL
) ENGINE=InnoDB DEFAULT CHARSET=utf8mb4 COLLATE=utf8mb4_unicode_ci;

--
-- Déchargement des données de la table `weight`
--

INSERT INTO `weight` (`id`, `kg`, `price`) VALUES
(1, 0.25, 4.95),
(2, 0.5, 6.55),
(3, 0.745, 7.45),
(4, 1, 8.1),
(5, 2, 9.35),
(6, 5, 14.35),
(7, 10, 20.85),
(8, 15, 26.4),
(9, 30, 32.7);

--
-- Index pour les tables déchargées
--

--
-- Index pour la table `address`
--
ALTER TABLE `address`
  ADD PRIMARY KEY (`id`),
  ADD KEY `IDX_D4E6F81A76ED395` (`user_id`);

--
-- Index pour la table `carrier`
--
ALTER TABLE `carrier`
  ADD PRIMARY KEY (`id`);

--
-- Index pour la table `category`
--
ALTER TABLE `category`
  ADD PRIMARY KEY (`id`);

--
-- Index pour la table `doctrine_migration_versions`
--
ALTER TABLE `doctrine_migration_versions`
  ADD PRIMARY KEY (`version`);

--
-- Index pour la table `header`
--
ALTER TABLE `header`
  ADD PRIMARY KEY (`id`);

--
-- Index pour la table `illustration`
--
ALTER TABLE `illustration`
  ADD PRIMARY KEY (`id`),
  ADD KEY `IDX_D67B9A424584665A` (`product_id`);

--
-- Index pour la table `order`
--
ALTER TABLE `order`
  ADD PRIMARY KEY (`id`),
  ADD KEY `IDX_F5299398A76ED395` (`user_id`);

--
-- Index pour la table `order_details`
--
ALTER TABLE `order_details`
  ADD PRIMARY KEY (`id`),
  ADD KEY `IDX_845CA2C1BFCDF877` (`my_order_id`);

--
-- Index pour la table `product`
--
ALTER TABLE `product`
  ADD PRIMARY KEY (`id`),
  ADD KEY `IDX_D34A04AD12469DE2` (`category_id`),
  ADD KEY `IDX_D34A04AD350035DC` (`weight_id`);

--
-- Index pour la table `reset_password`
--
ALTER TABLE `reset_password`
  ADD PRIMARY KEY (`id`),
  ADD KEY `IDX_B9983CE5A76ED395` (`user_id`);

--
-- Index pour la table `user`
--
ALTER TABLE `user`
  ADD PRIMARY KEY (`id`),
  ADD UNIQUE KEY `UNIQ_8D93D649E7927C74` (`email`);

--
-- Index pour la table `weight`
--
ALTER TABLE `weight`
  ADD PRIMARY KEY (`id`);

--
-- AUTO_INCREMENT pour les tables déchargées
--

--
-- AUTO_INCREMENT pour la table `address`
--
ALTER TABLE `address`
  MODIFY `id` int(11) NOT NULL AUTO_INCREMENT, AUTO_INCREMENT=3;

--
-- AUTO_INCREMENT pour la table `carrier`
--
ALTER TABLE `carrier`
  MODIFY `id` int(11) NOT NULL AUTO_INCREMENT;

--
-- AUTO_INCREMENT pour la table `category`
--
ALTER TABLE `category`
  MODIFY `id` int(11) NOT NULL AUTO_INCREMENT, AUTO_INCREMENT=5;

--
-- AUTO_INCREMENT pour la table `header`
--
ALTER TABLE `header`
  MODIFY `id` int(11) NOT NULL AUTO_INCREMENT, AUTO_INCREMENT=5;

--
-- AUTO_INCREMENT pour la table `illustration`
--
ALTER TABLE `illustration`
  MODIFY `id` int(11) NOT NULL AUTO_INCREMENT, AUTO_INCREMENT=25;

--
-- AUTO_INCREMENT pour la table `order`
--
ALTER TABLE `order`
  MODIFY `id` int(11) NOT NULL AUTO_INCREMENT;

--
-- AUTO_INCREMENT pour la table `order_details`
--
ALTER TABLE `order_details`
  MODIFY `id` int(11) NOT NULL AUTO_INCREMENT;

--
-- AUTO_INCREMENT pour la table `product`
--
ALTER TABLE `product`
  MODIFY `id` int(11) NOT NULL AUTO_INCREMENT, AUTO_INCREMENT=9;

--
-- AUTO_INCREMENT pour la table `reset_password`
--
ALTER TABLE `reset_password`
  MODIFY `id` int(11) NOT NULL AUTO_INCREMENT;

--
-- AUTO_INCREMENT pour la table `user`
--
ALTER TABLE `user`
  MODIFY `id` int(11) NOT NULL AUTO_INCREMENT, AUTO_INCREMENT=3;

--
-- AUTO_INCREMENT pour la table `weight`
--
ALTER TABLE `weight`
  MODIFY `id` int(11) NOT NULL AUTO_INCREMENT, AUTO_INCREMENT=18;

--
-- Contraintes pour les tables déchargées
--

--
-- Contraintes pour la table `address`
--
ALTER TABLE `address`
  ADD CONSTRAINT `FK_D4E6F81A76ED395` FOREIGN KEY (`user_id`) REFERENCES `user` (`id`);

--
-- Contraintes pour la table `illustration`
--
ALTER TABLE `illustration`
  ADD CONSTRAINT `FK_D67B9A424584665A` FOREIGN KEY (`product_id`) REFERENCES `product` (`id`);

--
-- Contraintes pour la table `order`
--
ALTER TABLE `order`
  ADD CONSTRAINT `FK_F5299398A76ED395` FOREIGN KEY (`user_id`) REFERENCES `user` (`id`);

--
-- Contraintes pour la table `order_details`
--
ALTER TABLE `order_details`
  ADD CONSTRAINT `FK_845CA2C1BFCDF877` FOREIGN KEY (`my_order_id`) REFERENCES `order` (`id`);

--
-- Contraintes pour la table `product`
--
ALTER TABLE `product`
  ADD CONSTRAINT `FK_D34A04AD12469DE2` FOREIGN KEY (`category_id`) REFERENCES `category` (`id`),
  ADD CONSTRAINT `FK_D34A04AD350035DC` FOREIGN KEY (`weight_id`) REFERENCES `weight` (`id`);

--
-- Contraintes pour la table `reset_password`
--
ALTER TABLE `reset_password`
  ADD CONSTRAINT `FK_B9983CE5A76ED395` FOREIGN KEY (`user_id`) REFERENCES `user` (`id`);
COMMIT;

/*!40101 SET CHARACTER_SET_CLIENT=@OLD_CHARACTER_SET_CLIENT */;
/*!40101 SET CHARACTER_SET_RESULTS=@OLD_CHARACTER_SET_RESULTS */;
/*!40101 SET COLLATION_CONNECTION=@OLD_COLLATION_CONNECTION */;
